cons_name,annual_mm,aug_break,centroid_lat,centroid_lon,region_2019,k5,zone5,zone3
Abetifi,1189.9299116128352,0.7853954601075374,6.722074646601381,-0.7662981135838272,Eastern,0,Transition,Transition (middle belt)
Abirem,1353.873081174564,0.9159094100013093,6.39593473210467,-0.9805981663419095,Eastern,3,Forest,Southern (bimodal)
Ablekuma Central,865.3504150710899,1.0856171898605589,5.548102582763505,-0.2452528767015245,Greater Accra,2,Coastal,Southern (bimodal)
Ablekuma North,889.1105776614404,1.0974668361062008,5.586959924032119,-0.2595102038657813,Greater Accra,2,Coastal,Southern (bimodal)
Ablekuma South,864.4732660948669,1.0491503297514329,5.531557844312843,-0.2537827418961377,Greater Accra,2,Coastal,Southern (bimodal)
Ablekuma West,949.12071727664,1.0997519695235334,5.527045169422239,-0.2667971905760101,Greater Accra,2,Coastal,Southern (bimodal)
Abuakwa North,1398.136764159143,0.9581073215131037,6.201910756061069,-0.3938969077879246,Eastern,3,Forest,Southern (bimodal)
Abuakwa South,1452.740797348702,0.9420794334389527,6.16915173954863,-0.5368869334929521,Eastern,3,Forest,Southern (bimodal)
Abura Asebu Kwamankese,1158.9802757386938,1.099406418145765,5.256046329531245,-1.2116783421196746,Central,2,Coastal,Southern (bimodal)
Achiase,1432.9229947234392,0.9923753823158659,5.823568874650495,-0.9646651775421674,Eastern,3,Forest,Southern (bimodal)
Ada,826.9573734294523,0.9470780800200834,5.872476399713562,0.5470101117609606,Greater Accra,2,Coastal,Southern (bimodal)
Adaklu,1109.0760568815183,0.9494186256181859,6.503273176225571,0.6433795455730987,Volta,0,Transition,Transition (middle belt)
Adansi Asokwa,1379.8409550197766,0.9322851342077263,6.169611000885669,-1.4783786354684365,Ashanti,3,Forest,Southern (bimodal)
Adentan,915.0690050171833,0.8814782875168167,5.710869548105258,-0.1796031746778894,Greater Accra,2,Coastal,Southern (bimodal)
Afadjato South,1384.0518047350804,0.6465792934924972,6.876783853180301,0.44616048408123,Volta,0,Transition,Transition (middle belt)
Afigya Kwabre North,1290.7208189306195,0.918447292988778,6.827013559719741,-1.579071254704477,Ashanti,0,Transition,Transition (middle belt)
Afigya Kwabre South,1336.1523239614055,1.0047186395628922,6.799078367245014,-1.6412871532918931,Ashanti,0,Transition,Transition (middle belt)
Afigya Sekyere East,1217.5572578776716,0.8683808466540602,7.003418508882567,-1.510351702131205,Ashanti,0,Transition,Transition (middle belt)
Afram Plains North,1192.6828827102067,0.6794238968459814,7.05239212884329,-0.0399401022975739,Eastern,0,Transition,Transition (middle belt)
Afram Plains South,1182.82191257131,0.8501969829299938,6.842766531576691,-0.268785125019677,Eastern,0,Transition,Transition (middle belt)
Agona East,1249.3070047074052,1.0072020865920968,5.630590813998047,-0.6954231069360609,Central,3,Forest,Southern (bimodal)
Agona West,1275.1247012013434,1.030145269129844,5.621188699900647,-0.7962558696446338,Central,3,Forest,Southern (bimodal)
Agotime Ziope,1103.1774392173809,0.9620029202046718,6.408559259029587,0.5855331666136243,Volta,0,Transition,Transition (middle belt)
Ahafo Ano North,1234.8376784275072,0.937029382824916,6.895398983434276,-2.236128787296222,Ashanti,0,Transition,Transition (middle belt)
Ahafo Ano South East,1247.5453039012136,0.9497201388131556,6.95150972381935,-1.918873321085148,Ashanti,0,Transition,Transition (middle belt)
Ahafo Ano South West,1284.8657618520426,0.9363087358913357,6.920300640627075,-2.07535518222073,Ashanti,0,Transition,Transition (middle belt)
Ahanta West,1434.2350606846287,1.1444085836001816,4.839410734041283,-1.9968262297641672,Western,2,Coastal,Southern (bimodal)
Ajumako Enyan Esiam,1220.2654847252475,0.9854802464389868,5.415488424683261,-1.009244186704333,Central,3,Forest,Southern (bimodal)
Akan,1479.58184627725,0.4490075652534909,7.7747217999768194,0.5154385574450486,Oti,4,Guinea Savannah,Northern (unimodal)
Akatsi North,1097.249122790789,1.0906534980885514,6.313712444529192,0.7660481191776677,Volta,0,Transition,Transition (middle belt)
Akatsi South,998.348158315412,1.0561400965188923,6.0757198066240194,0.7769641392864408,Volta,2,Coastal,Southern (bimodal)
Akim Oda,1404.496103221319,0.9332105632818466,5.935332547416502,-0.9434817919266364,Eastern,3,Forest,Southern (bimodal)
Akim Swedru,1427.045936401513,0.9195206962466466,5.86727930868359,-1.1126437905650337,Eastern,3,Forest,Southern (bimodal)
Akrofuom,1408.235110181569,0.8884829058457856,6.031070957014439,-1.6850249301655484,Ashanti,3,Forest,Southern (bimodal)
Akuapim North,1249.6488317699298,0.8296577174269327,5.933553516194576,-0.1701526324367931,Eastern,3,Forest,Southern (bimodal)
Akuapim South,1219.122695409262,0.8316043436638195,5.849363228141498,-0.2454672299996607,Eastern,3,Forest,Southern (bimodal)
Akwatia,1459.571893429891,0.9341631005659441,6.061253459257717,-0.7841095955253019,Eastern,3,Forest,Southern (bimodal)
Amasaman,1073.453528540711,0.9334367548416617,5.731912772347085,-0.3272013677967473,Greater Accra,3,Forest,Southern (bimodal)
Amenfi Central,1503.4957773641308,0.953881239470206,5.8462728433437015,-2.195624586568524,Western,3,Forest,Southern (bimodal)
Amenfi East,1393.0148030723894,0.9047048293381701,5.791496165487411,-1.99128366758026,Western,3,Forest,Southern (bimodal)
Amenfi West,1605.0606888705925,0.9864659306415278,5.665100369446825,-2.4044875160008656,Western,3,Forest,Southern (bimodal)
Anlo,899.7332558762095,1.018081514206868,5.837469769650415,0.8255524117574896,Volta,2,Coastal,Southern (bimodal)
Anyaa Sowotuom,954.5882752332619,1.093520930984463,5.584502820859675,-0.290793567858782,Greater Accra,2,Coastal,Southern (bimodal)
Aowin,1628.66180418872,1.0024599345421183,5.699329525400886,-2.730216956475392,Western North,3,Forest,Southern (bimodal)
Asante Akim Central,1341.8322674487035,0.8466067076253214,6.630383310756256,-1.0451709141039922,Ashanti,0,Transition,Transition (middle belt)
Asante Akim North,1277.6744326638,0.7655896432646552,6.756760728496584,-1.0206179900785288,Ashanti,0,Transition,Transition (middle belt)
Asante Akim South,1342.105007562243,0.8675741972207484,6.3738528169258775,-1.1417676764802087,Ashanti,3,Forest,Southern (bimodal)
Asawase,1248.4178426319281,0.9295243003844395,6.685757357905307,-1.607368458343779,Ashanti,0,Transition,Transition (middle belt)
Asene Akroso Manso,1417.7952319309838,1.0442274425907254,5.789493449725205,-0.819892092117902,Eastern,3,Forest,Southern (bimodal)
Ashiaman,913.2158211054401,0.7980703745288281,5.755372737002106,-0.0942969629594667,Greater Accra,3,Forest,Southern (bimodal)
Asikuma Odoben Brakwa,1361.0167216112156,0.9778832292716197,5.633073269820023,-1.0123946812628346,Central,3,Forest,Southern (bimodal)
Asokwa,1280.4603324489622,0.9557692007957415,6.653597991169874,-1.5951105820251283,Ashanti,0,Transition,Transition (middle belt)
Assin Central,1447.988668148467,0.93643319508303,5.700280504020671,-1.3094474809510082,Central,3,Forest,Southern (bimodal)
Assin North,1463.2583646533542,0.9354335564000438,5.802440937176466,-1.4013344248016062,Central,3,Forest,Southern (bimodal)
Assin South,1381.181856123931,0.9699048498849739,5.531340550064317,-1.291826823184561,Central,3,Forest,Southern (bimodal)
Asunafo North,1216.281701304826,0.9102918315380031,6.815782545417226,-2.6856388123908146,Ahafo,0,Transition,Transition (middle belt)
Asunafo South,1320.5089460143347,0.8923389343733039,6.560606232470892,-2.607826290627792,Ahafo,0,Transition,Transition (middle belt)
Asuogyaman,1205.837226469756,0.9877861530530705,6.356971567069281,0.0680803689093056,Eastern,3,Forest,Southern (bimodal)
Asutifi North,1170.133185838124,0.8795467536498411,7.037805999336291,-2.533374288638407,Ahafo,0,Transition,Transition (middle belt)
Asutifi South,1204.8918548590796,0.9308890384374009,6.888805526448998,-2.405186195086113,Ahafo,0,Transition,Transition (middle belt)
Atebubu Amantin,1185.2204343014466,0.7697202424678674,7.694246093744445,-1.1353668881284005,Bono East,0,Transition,Transition (middle belt)
Atiwa East,1381.5164772520434,0.8832904820215658,6.315225614319608,-0.6146450838250546,Eastern,3,Forest,Southern (bimodal)
Atiwa West,1372.4788122657762,0.9043749266782315,6.322497138126288,-0.7979930303936091,Eastern,3,Forest,Southern (bimodal)
Atwima Kwanwoma,1335.1147062596494,0.9740242335158602,6.600119806578995,-1.7348215588645932,Ashanti,0,Transition,Transition (middle belt)
Atwima Mponua,1363.893080692779,0.9200414971946025,6.555469229857144,-2.1613064651615628,Ashanti,0,Transition,Transition (middle belt)
Atwima Nwabiagya North,1291.3066664079822,1.0271292939934893,6.842819647874201,-1.7620753648098015,Ashanti,0,Transition,Transition (middle belt)
Atwima Nwabiagya South,1320.619853533649,1.0085184292112843,6.719210715993997,-1.812576726340817,Ashanti,0,Transition,Transition (middle belt)
Awutu Senya East,1079.8469007342667,0.9976689484337441,5.558738601058394,-0.5264776826803398,Central,3,Forest,Southern (bimodal)
Awutu Senya West,1054.3136566001883,0.997924973290503,5.507387737662523,-0.577742344055723,Central,3,Forest,Southern (bimodal)
Ayawaso Central,771.2025537150613,1.1121525424576326,5.578100211940017,-0.2149440455529435,Greater Accra,2,Coastal,Southern (bimodal)
Ayawaso East,733.3251424634892,1.0694670599016458,5.5784889394371895,-0.1933568532932688,Greater Accra,2,Coastal,Southern (bimodal)
Ayawaso North,748.2817960660611,1.0474056608311868,5.602135892391905,-0.1981759249237464,Greater Accra,2,Coastal,Southern (bimodal)
Ayawaso West Wuogon,756.6092870210405,1.004384102096868,5.632580856669685,-0.1773071540243968,Greater Accra,2,Coastal,Southern (bimodal)
Ayensuano,1334.5835206437355,0.9844108401970892,5.937243153231607,-0.4795787163556061,Eastern,3,Forest,Southern (bimodal)
Banda,958.6597187782014,0.4629045975206162,8.422830506276933,-2.361986194208183,Bono,0,Transition,Transition (middle belt)
Bantama,1323.499169431486,1.0662281435760235,6.709482815767458,-1.669144734905875,Ashanti,0,Transition,Transition (middle belt)
Bawku Central,956.9785035484889,-1.2384372703361466,10.961261775805315,-0.2331636658148156,Upper East,1,Sudan Savannah,Northern (unimodal)
Bekwai,1329.9780679938294,0.8508711817536354,6.398162963259489,-1.626810400492256,Ashanti,0,Transition,Transition (middle belt)
Berekum East,1084.7541028354408,0.823353816311094,7.4917450599828275,-2.5811182705065105,Bono,0,Transition,Transition (middle belt)
Berekum West,1080.667100258244,0.8220208920982431,7.5299310489045235,-2.7298601667548987,Bono,0,Transition,Transition (middle belt)
Bia East,1260.9561702364758,0.9023815211068645,6.668904425843025,-2.961828903460267,Western North,0,Transition,Transition (middle belt)
Bia West,1217.7026796261857,0.9166907273777366,6.690432984662193,-3.1220203934942643,Western North,0,Transition,Transition (middle belt)
Biakoye,1363.0953819930432,0.5999158511376997,7.390146827299349,0.3289420315262211,Oti,0,Transition,Transition (middle belt)
Bibiani Anwiaso Bekwai,1478.6994266565955,0.867363055197442,6.30124456688008,-2.240803134495402,Western North,3,Forest,Southern (bimodal)
Bimbilla,1212.8501605157885,0.2932858432759699,8.86626285650008,-0.1251110313275088,Northern,4,Guinea Savannah,Northern (unimodal)
Binduri,948.4600157383537,-1.2455451179289356,10.96749216736066,-0.3223075145630134,Upper East,1,Sudan Savannah,Northern (unimodal)
Bodi,1408.1768505611383,0.9183765770340676,6.363965164348054,-2.792722087431452,Western North,3,Forest,Southern (bimodal)
Bole Bamboi,954.5057700335345,0.2423404054851391,8.696228330081121,-2.262947981569655,Savannah,4,Guinea Savannah,Northern (unimodal)
Bolgatanga Central,975.0369618749183,-1.207957572103502,10.803602608659336,-0.9531029008839812,Upper East,1,Sudan Savannah,Northern (unimodal)
Bolgatanga East,1003.2088779364808,-1.012816483436293,10.79263825027411,-0.8261262470269531,Upper East,1,Sudan Savannah,Northern (unimodal)
Bongo,966.1247642371629,-1.2249038656607842,10.915529008090072,-0.7831746932071489,Upper East,1,Sudan Savannah,Northern (unimodal)
Bosome Freho,1393.6196689401029,0.8756820221980929,6.284198439770398,-1.327334797321288,Ashanti,3,Forest,Southern (bimodal)
Bosomtwe,1421.8776158614323,0.8581268107530683,6.550709938909249,-1.4888774334926629,Ashanti,0,Transition,Transition (middle belt)
Botianor Ngleshie,973.2006119342251,1.0732962285052314,5.51895849539381,-0.3454576056354044,Greater Accra,2,Coastal,Southern (bimodal)
Buem,1497.0460747164734,0.5917767059752072,7.368824712265788,0.4633232974967682,Oti,0,Transition,Transition (middle belt)
Builsa North,974.3490013190437,-1.2040861877064832,10.710561603476002,-1.300082780370932,Upper East,1,Sudan Savannah,Northern (unimodal)
Builsa South,978.5384685129723,-1.029292636976985,10.509534026668923,-1.3323917684409547,Upper East,1,Sudan Savannah,Northern (unimodal)
Bunkpurugu,986.9711655325642,-0.8770146552627511,10.57710837999413,-0.0450873702729995,North East,1,Sudan Savannah,Northern (unimodal)
Cape Coast North,1079.1666294006288,1.1127396167717758,5.196736214991478,-1.3207440310073673,Central,2,Coastal,Southern (bimodal)
Cape Coast South,1002.954459572372,1.1535081403139547,5.14846261812248,-1.2725555690249073,Central,2,Coastal,Southern (bimodal)
Central Tongu,999.4201234440134,1.0269221172184666,6.1413078817149485,0.5315715700666601,Volta,0,Transition,Transition (middle belt)
Chiana Paga,997.1009561262923,-1.3544087056587328,10.878088098175104,-1.262762925416575,Upper East,1,Sudan Savannah,Northern (unimodal)
Chireponi,1064.0251653927373,-0.45299433064541156,10.17037727020572,0.2234464788937753,North East,1,Sudan Savannah,Northern (unimodal)
Daboya Mankarigu,1003.2124514492252,-0.42955520954497206,9.640085891140115,-1.6202833009266386,Savannah,4,Guinea Savannah,Northern (unimodal)
Dadekotopon,729.6870719962423,1.0113121384511878,5.584034819495758,-0.1523057496865685,Greater Accra,2,Coastal,Southern (bimodal)
Daffiama Bussie Issa,1002.8519056917368,-1.1137015679684754,10.371949765225365,-2.3365524814789533,Upper West,1,Sudan Savannah,Northern (unimodal)
Damongo,954.0137237617595,-0.08913260460891873,9.157520373414696,-1.8011752436269055,Savannah,4,Guinea Savannah,Northern (unimodal)
Dome Kwabenya,850.4074181902461,0.9187572348862423,5.671018861698579,-0.2347242608980424,Greater Accra,2,Coastal,Southern (bimodal)
Domeabra/ Obom,1187.760808645791,0.964966630504278,5.7189160091175575,-0.4531011185962407,Greater Accra,3,Forest,Southern (bimodal)
Dormaa Central,1073.2047905246418,0.8028417758296689,7.277303166409562,-2.7193988608173814,Bono,0,Transition,Transition (middle belt)
Dormaa East,1076.6076900122166,0.7928256331900011,7.355149329116208,-2.7255673273195447,Bono,0,Transition,Transition (middle belt)
Dormaa West,1111.6564868537184,0.8431405729891556,7.043949920709016,-2.893348566408116,Bono,0,Transition,Transition (middle belt)
EKUMFI,1067.770713693601,0.9986599044323426,5.272359135789525,-0.916656627899026,Central,2,Coastal,Southern (bimodal)
Effia,1233.9132878661858,1.1490008029048417,4.92672515592705,-1.825980546187342,Western,2,Coastal,Southern (bimodal)
Effiduasi/ Asokore,1285.6624040352758,0.7031259786905708,6.786243692706301,-1.348496687150374,Ashanti,0,Transition,Transition (middle belt)
Efutu,938.9242914441868,1.0162209040091232,5.370248332253589,-0.6059515545688733,Central,2,Coastal,Southern (bimodal)
Ejisu,1298.0419074032375,0.7719897685308177,6.710341958626168,-1.4385177493075068,Ashanti,0,Transition,Transition (middle belt)
Ejura/ Sekyedumase,1155.1485127420171,0.9553340727944809,7.380175053673187,-1.422866844532573,Ashanti,0,Transition,Transition (middle belt)
Ellembele,1678.3577991090515,1.0441197438811403,5.149328990714451,-2.4265451681020367,Western,2,Coastal,Southern (bimodal)
Essikadu Ketan,1316.9183208408217,1.1690175260827484,4.972360729736024,-1.7457105244119488,Western,2,Coastal,Southern (bimodal)
Evalue Ajomoro Gwira,1624.0981193681223,1.0251997996209656,5.088358958918545,-2.202699894265175,Western,2,Coastal,Southern (bimodal)
Fanteakwa North,1222.482782246854,0.8539530324317697,6.547363337633505,-0.3183388438760213,Eastern,0,Transition,Transition (middle belt)
Fanteakwa South,1361.749748597336,0.809365107565237,6.400988409272044,-0.4117132451235445,Eastern,3,Forest,Southern (bimodal)
Fomena,1329.4474762724678,0.8617398047577497,6.292780633614675,-1.5704382094654654,Ashanti,3,Forest,Southern (bimodal)
Garu,952.8150968655218,-1.1840676660688778,10.845177541395737,-0.085429174462001,Upper East,1,Sudan Savannah,Northern (unimodal)
Gomoa Central,1220.5659325738625,0.9810244809692552,5.372945679375042,-0.7915046086908865,Central,3,Forest,Southern (bimodal)
Gomoa East,1095.8306967179378,1.0170004331981761,5.455047066112395,-0.7272718049918769,Central,3,Forest,Southern (bimodal)
Gomoa West,1172.1778539340148,0.9870930646756386,5.282991760509399,-0.7907351190050519,Central,3,Forest,Southern (bimodal)
Gushiegu,1050.902386475453,-0.41419497456421484,9.876959783344086,-0.212956628089706,Northern,4,Guinea Savannah,Northern (unimodal)
Hemang Lower Denkyira,1386.1371349292185,1.002707276476058,5.359981772967747,-1.4309141105020462,Central,3,Forest,Southern (bimodal)
Ho Central,1217.8008338761074,0.8818677666572436,6.563616931261904,0.4216643308867845,Volta,0,Transition,Transition (middle belt)
Ho West,1350.380883837963,0.7930991641090535,6.698390681020838,0.3984259547357013,Volta,0,Transition,Transition (middle belt)
Hohoe,1495.6668288458407,0.5579727117504516,7.152041089889223,0.4959344559213314,Volta,0,Transition,Transition (middle belt)
Jaman North,1062.3053174270972,0.7434790503291469,7.922270791333045,-2.684842619384828,Bono,0,Transition,Transition (middle belt)
Jaman South,1071.7970184446158,0.8005725699175954,7.634897128918487,-2.770917086503923,Bono,0,Transition,Transition (middle belt)
Jirapa,985.8249440442802,-1.3193906271738238,10.60688565942481,-2.6243042226317006,Upper West,1,Sudan Savannah,Northern (unimodal)
Jomoro,1770.4992040257125,1.097637397057758,5.189212948243241,-2.799235259516871,Western,2,Coastal,Southern (bimodal)
Juaben,1315.2138377491533,0.783394571294424,6.582662468144751,-1.3480420430477082,Ashanti,0,Transition,Transition (middle belt)
Juaboso,1409.7958101404993,0.9590534448373346,6.289804295003982,-3.026506109120269,Western North,3,Forest,Southern (bimodal)
Kade,1389.830056205483,0.9295862126755619,6.155828583306315,-0.8322366953873792,Eastern,3,Forest,Southern (bimodal)
Karaga,999.570375490246,-0.5386985910690666,9.956766081221382,-0.3543874767021752,Northern,1,Sudan Savannah,Northern (unimodal)
Keta,967.7092288380078,1.095482097091602,5.972224416395649,0.897886803000404,Volta,2,Coastal,Southern (bimodal)
Ketu North,1000.7658325433403,1.1132310040144777,6.185678359834121,0.9737899789831986,Volta,0,Transition,Transition (middle belt)
Ketu South,876.062564413706,1.1601228352972879,6.084371608067842,1.065225383308783,Volta,2,Coastal,Southern (bimodal)
Kintampo North,973.8504899784407,0.34068808801517675,8.39267221746673,-1.6418935363208087,Bono East,4,Guinea Savannah,Northern (unimodal)
Kintampo South,1087.8448626413958,0.7315165808964988,7.907845816757887,-1.7472666144440483,Bono East,0,Transition,Transition (middle belt)
Komenda Edina Eguafo Abirem,1178.9218139152067,1.0828276850440361,5.131941957700448,-1.454781136672081,Central,2,Coastal,Southern (bimodal)
Korle Klottey,742.2123689310438,1.0474631113134791,5.553238604825794,-0.1919054268732905,Greater Accra,2,Coastal,Southern (bimodal)
Kpandai,1202.000291003663,0.401218718624467,8.331004054651881,-0.1389573725119026,Northern,4,Guinea Savannah,Northern (unimodal)
Kpando,1274.7282955982182,0.7578999432498167,6.831359779801488,0.2125936067561814,Volta,0,Transition,Transition (middle belt)
Kpone Katamanso,884.9688677796688,0.7281569267344722,5.75876936854483,-0.0018616609591359,Greater Accra,3,Forest,Southern (bimodal)
Krachi East,1335.9465333495893,0.43495357152474584,7.748955431137613,0.2377032028393144,Oti,4,Guinea Savannah,Northern (unimodal)
Krachi Nchumuru,1257.517423321837,0.37444495317750626,8.112714185336834,-0.0015024138971992,Oti,4,Guinea Savannah,Northern (unimodal)
Krachi West,1222.6598594680447,0.3960504381826722,7.997787857269751,-0.1437206825686183,Oti,4,Guinea Savannah,Northern (unimodal)
Krowor,798.4062747648456,1.0287625301298715,5.606803022936036,-0.0890415512985476,Greater Accra,2,Coastal,Southern (bimodal)
Kumawu,1267.350902103077,0.7755793432353978,7.194055681042341,-0.8448545904207396,Ashanti,0,Transition,Transition (middle belt)
Kumbungu,989.105061830849,-0.38304995434475336,9.760491343868685,-1.0890683521463496,Northern,4,Guinea Savannah,Northern (unimodal)
Kwabre East,1280.176859224674,0.8125742734760435,6.809411759849941,-1.518381214695708,Ashanti,0,Transition,Transition (middle belt)
Kwadaso,1312.4971778386637,1.0244899935405463,6.688084762870058,-1.6755918421903722,Ashanti,0,Transition,Transition (middle belt)
Kwesimintsim,1154.1661842237456,1.1421299247742287,4.919055755780454,-1.7706777725568892,Western,2,Coastal,Southern (bimodal)
Lambussie Karne,1018.5136639281254,-1.2665587562361693,10.839288878700645,-2.6220769154617374,Upper West,1,Sudan Savannah,Northern (unimodal)
Lawra,1073.7954984619862,-1.1893901493468044,10.647601652578594,-2.818365504677239,Upper West,1,Sudan Savannah,Northern (unimodal)
Ledzokuku,793.3027509168119,1.0629690659446136,5.602341180546174,-0.1268303596197693,Greater Accra,2,Coastal,Southern (bimodal)
Lower Manya Krobo,1144.2679315062992,0.9713771051759601,6.210243795708475,0.0246757385470373,Eastern,3,Forest,Southern (bimodal)
Lower West Akim,1426.2251997098615,0.9730684422620686,5.8824007476084885,-0.71182236808063,Eastern,3,Forest,Southern (bimodal)
Madina,1058.5224846509825,0.8691114706979493,5.7388006312289885,-0.2046417180644676,Greater Accra,3,Forest,Southern (bimodal)
Mampong,1161.3782043939575,0.9241164288690424,7.207974746338722,-1.3069741292670898,Ashanti,0,Transition,Transition (middle belt)
Manhyia North,1224.1089517400762,0.9245680488338583,6.727656483386522,-1.5651126789067744,Ashanti,0,Transition,Transition (middle belt)
Manhyia South,1250.5896941672943,0.9351024526916731,6.70499344059995,-1.5698485710335133,Ashanti,0,Transition,Transition (middle belt)
Manso Adubia,1408.3776237307188,0.9255683124057412,6.291819883227129,-1.962702293578941,Ashanti,3,Forest,Southern (bimodal)
Manso Nkwanta,1361.9378740064462,0.944842055817421,6.456794857669139,-1.838803277766755,Ashanti,0,Transition,Transition (middle belt)
Mfantseman,1047.9231403547917,1.0577129330796986,5.272109537529869,-1.1262581157762113,Central,2,Coastal,Southern (bimodal)
Mion,1107.4734344802878,-0.012878658910941058,9.43748992056913,-0.3119560011686456,Northern,4,Guinea Savannah,Northern (unimodal)
Mpohor,1514.3906476471059,0.9669286927445302,5.273179388178255,-1.797398273870742,Western,3,Forest,Southern (bimodal)
Mpraeso,1272.1142031566021,0.835142791260059,6.5788405933043,-0.5827462799885356,Eastern,0,Transition,Transition (middle belt)
Nabdam,984.6214969194267,-1.0803820716926424,10.82730594385495,-0.6689876163581596,Upper East,1,Sudan Savannah,Northern (unimodal)
Nadawli Kaleo,974.4903359043243,-1.023842969899843,10.306908278344496,-2.614751312872397,Upper West,1,Sudan Savannah,Northern (unimodal)
Nalerigu Gambaga,987.0668062912397,-0.9503776026857796,10.47572163655924,-0.4426390854725068,North East,1,Sudan Savannah,Northern (unimodal)
Nandom,1023.9060326497661,-1.290494946620007,10.88024378434424,-2.80951802529172,Upper West,1,Sudan Savannah,Northern (unimodal)
Nanton,1032.679999891269,-0.15522733620873433,9.602171223939571,-0.718369506814432,Northern,4,Guinea Savannah,Northern (unimodal)
Navrongo Central,975.756258830363,-1.2524896203901503,10.757056325478036,-1.0407453454413338,Upper East,1,Sudan Savannah,Northern (unimodal)
New Edubiase,1431.3053744879785,0.9441586228267832,6.0266100657487565,-1.397178989426303,Ashanti,3,Forest,Southern (bimodal)
New Juaben North,1353.7309725506898,0.9844706641677348,6.134913589114144,-0.311890855344255,Eastern,3,Forest,Southern (bimodal)
New Juaben South,1283.1065891848398,0.9357774176409416,6.056021135303324,-0.2838705335859028,Eastern,3,Forest,Southern (bimodal)
Nhyiaeso,1266.1389180588621,0.9429277542080428,6.654606234819156,-1.635833362175275,Ashanti,0,Transition,Transition (middle belt)
Ningo Prampram,870.0686688099061,0.7753369580996262,5.7993436856094815,0.1398381315712982,Greater Accra,3,Forest,Southern (bimodal)
Nkawkaw,1353.168917544014,0.8836732389207846,6.518829894832205,-0.8000669556186811,Eastern,0,Transition,Transition (middle belt)
Nkoranza North,1118.99741908236,0.8185799816411883,7.701424267078071,-1.6156692037336016,Bono East,0,Transition,Transition (middle belt)
Nkoranza South,1143.6659756028344,0.9288704542925625,7.47174406225528,-1.6541597997601096,Bono East,0,Transition,Transition (middle belt)
Nkwanta North,1321.5710714739898,0.39334025973727293,8.581091043846644,0.2781124260395116,Oti,4,Guinea Savannah,Northern (unimodal)
Nkwanta South,1379.9116663412424,0.3860582987687799,8.281967304392504,0.3882624587303138,Oti,4,Guinea Savannah,Northern (unimodal)
North Dayi,1250.94667182471,0.5507316605740379,6.972795016414875,0.2946199768458193,Volta,0,Transition,Transition (middle belt)
North Tongu,1034.085082278079,0.9732696433638,6.167191349073342,0.3085028107411516,Volta,3,Forest,Southern (bimodal)
Nsawam Adoagyiri,1211.9850490588888,0.9707706896519891,5.817003266636256,-0.3261129186928861,Eastern,3,Forest,Southern (bimodal)
Nsuta/ Kwamang/ Beposo,1212.807804568381,0.8649814107195885,7.239062660738647,-1.1522396463185365,Ashanti,0,Transition,Transition (middle belt)
Obuasi East,1272.5671675365018,0.9034852060956486,6.2032183977571895,-1.614769954201584,Ashanti,3,Forest,Southern (bimodal)
Obuasi West,1271.551936525135,0.900155475935774,6.200215100975112,-1.7065496675042044,Ashanti,3,Forest,Southern (bimodal)
Odododiodioo,804.6333847643855,1.006954956390108,5.532374169332321,-0.2236103567543525,Greater Accra,2,Coastal,Southern (bimodal)
Odotobri,1373.1183554230818,0.8963139623830403,6.208663523582035,-1.7784953164011512,Ashanti,3,Forest,Southern (bimodal)
Offinso North,1157.4811700414846,0.9253300834926709,7.29924046509049,-1.8981342305310385,Ashanti,0,Transition,Transition (middle belt)
Offinso South,1217.3186187156612,0.9704098414021626,7.015002927017728,-1.7607795400717252,Ashanti,0,Transition,Transition (middle belt)
Ofoase Ayirebi,1406.2331643190792,0.9193922427492675,6.106851633609461,-1.1193456025719375,Eastern,3,Forest,Southern (bimodal)
Oforikrom,1281.2290205117004,0.9294222625088187,6.666732440615735,-1.558839195305465,Ashanti,0,Transition,Transition (middle belt)
Okaikwei Central,771.1938388635041,1.1124083321402947,5.5907617248238095,-0.2338281168419574,Greater Accra,2,Coastal,Southern (bimodal)
Okaikwei North,773.6007092477455,1.0650970722410775,5.615473808717686,-0.2355715774760272,Greater Accra,2,Coastal,Southern (bimodal)
Okaikwei South,771.1533442175923,1.1135969666844374,5.57149090342321,-0.2349751464330059,Greater Accra,2,Coastal,Southern (bimodal)
Okere,1276.6332917536356,0.9128753762212646,6.04070476629631,-0.1607761450619013,Eastern,3,Forest,Southern (bimodal)
Old Tafo,1280.8841358043053,0.9862212634593963,6.736685986043256,-1.6135797008231625,Ashanti,0,Transition,Transition (middle belt)
Prestea Huni Valley,1580.3531823655924,0.9344805462430754,5.471370489704661,-2.032782618636204,Western,3,Forest,Southern (bimodal)
Pru East,1095.4672314331544,0.5342368202667565,8.07880577343075,-0.8356017022458031,Bono East,4,Guinea Savannah,Northern (unimodal)
Pru West,1065.939450047044,0.6140975635328461,8.109249656174116,-1.24126436453614,Bono East,4,Guinea Savannah,Northern (unimodal)
Pusiga,940.4832910803415,-1.3387112458390305,11.082995739795605,-0.1047798239722371,Upper East,1,Sudan Savannah,Northern (unimodal)
Saboba,1139.2875131108788,-0.1298000890611882,9.708612736728524,0.1536480909867287,Northern,4,Guinea Savannah,Northern (unimodal)
Sagnarigu,1057.8632650883171,-0.08888176044367084,9.459135880059096,-0.7504152489803287,Northern,4,Guinea Savannah,Northern (unimodal)
Salaga North,1119.6815007392431,0.2638906306424992,8.946236049532043,-0.5957536225453686,Savannah,4,Guinea Savannah,Northern (unimodal)
Salaga South,1060.2436776715388,0.348925079488211,8.341055766873032,-0.760384757842525,Savannah,4,Guinea Savannah,Northern (unimodal)
Savelugu,1000.4805583469139,-0.3563305772838254,9.837590372448307,-0.8655494501760805,Northern,4,Guinea Savannah,Northern (unimodal)
Sawla Tuna Kalba,986.1736857153815,-0.44437581511879104,9.525689174863112,-2.268943079510206,Savannah,4,Guinea Savannah,Northern (unimodal)
Sefwi Akontonbra,1528.335457644902,0.9472823153586659,6.071225503696151,-2.662759284449673,Western North,3,Forest,Southern (bimodal)
Sefwi Wiawso,1435.2295625073211,0.8577377717866776,6.336331634472234,-2.548698973362008,Western North,3,Forest,Southern (bimodal)
Sege,844.4140423124468,0.8864771281809497,5.885746401343051,0.4160429109939916,Greater Accra,2,Coastal,Southern (bimodal)
Sekondi,1258.658077222257,1.148658469953433,4.948064661653819,-1.7799978735796878,Western,2,Coastal,Southern (bimodal)
Sekyere Afram Plains,1231.1421875145472,0.9529577854875042,6.981518079750891,-1.6319068422380565,Ashanti,0,Transition,Transition (middle belt)
Sene East,1263.159684207697,0.5699342803892435,7.61721709927619,-0.1755132682584889,Bono East,4,Guinea Savannah,Northern (unimodal)
Sene West,1222.312603491069,0.6286191958277978,7.760016505666631,-0.5818394163361867,Bono East,4,Guinea Savannah,Northern (unimodal)
Shai Osudoku,983.2611812852322,0.8791889556304728,5.948377182844383,0.1085602517931275,Greater Accra,3,Forest,Southern (bimodal)
Shama,1359.446241117579,1.1369901544398935,5.036531138019117,-1.6911564494092424,Western,2,Coastal,Southern (bimodal)
Sissala East,1033.9489536802187,-1.3009956232117705,10.594859392045288,-1.874783613478484,Upper West,1,Sudan Savannah,Northern (unimodal)
Sissala West,1033.8140102125358,-1.4199267207982085,10.770304257564662,-2.324052801592861,Upper West,1,Sudan Savannah,Northern (unimodal)
South Dayi,1247.395104302891,0.9447977151899177,6.613531277181372,0.2034362301571873,Volta,0,Transition,Transition (middle belt)
South Tongu,935.4298341209915,1.0131307345799916,5.938773512756642,0.6370475052899586,Volta,2,Coastal,Southern (bimodal)
Suaman,1596.1945035640524,0.9896427242808553,5.927033944084121,-3.003749705619417,Western North,3,Forest,Southern (bimodal)
Suame,1320.0419895150621,1.037101140088728,6.733928970968752,-1.6613248401705092,Ashanti,0,Transition,Transition (middle belt)
Subin,1247.8221944509032,0.929944732230056,6.693260144959994,-1.6228656829331691,Ashanti,0,Transition,Transition (middle belt)
Suhum,1377.0796281235723,0.9900065889992147,6.046271292692586,-0.4184535418555338,Eastern,3,Forest,Southern (bimodal)
Sunyani East,1067.5198674182516,0.8215928233047057,7.290329025671206,-2.279808858192631,Bono,0,Transition,Transition (middle belt)
Sunyani West,1065.8724016315066,0.8289670798899255,7.375360824557934,-2.372857886050985,Bono,0,Transition,Transition (middle belt)
Tain,1050.9005579063282,0.7201888405332634,7.871690600262813,-2.3546720842154256,Bono,0,Transition,Transition (middle belt)
Takoradi,1067.1304169301327,1.0784912132445212,4.888932749703355,-1.767475291145396,Western,2,Coastal,Southern (bimodal)
Talensi,993.664893230476,-0.9380904253556638,10.635031168672048,-0.7706023149108692,Upper East,1,Sudan Savannah,Northern (unimodal)
Tamale Central,1048.12145546944,-0.11028306305859108,9.399576384721106,-0.836971495611846,Northern,4,Guinea Savannah,Northern (unimodal)
Tamale North,1036.2681446876277,-0.12197528272486065,9.454422081791298,-0.8881538560358855,Northern,4,Guinea Savannah,Northern (unimodal)
Tamale South,1029.2884156942987,-0.039135351813367775,9.352610055446249,-0.8051271328256558,Northern,4,Guinea Savannah,Northern (unimodal)
Tano North,1128.2287172711074,0.8733622454825702,7.237423376662884,-2.072491743413006,Ahafo,0,Transition,Transition (middle belt)
Tano South,1174.316535445363,0.8962886374638436,7.136375291244861,-2.147595169959605,Ahafo,0,Transition,Transition (middle belt)
Tarkwa Nsuaem,1534.479429516529,0.9503461645179776,5.16187323333797,-2.018792983138374,Western,3,Forest,Southern (bimodal)
Tatale Sanguli,1305.7315826032072,0.30541152653458115,9.039041660213634,0.3373522572946346,Northern,4,Guinea Savannah,Northern (unimodal)
Techiman North,1134.881146925837,0.7704099187567737,7.758491043810462,-1.955414712183984,Bono East,0,Transition,Transition (middle belt)
Techiman South,1127.445741186851,0.8246299295801797,7.528270011756557,-1.963366801199967,Bono East,0,Transition,Transition (middle belt)
Tema Central,761.1494875968287,0.8657299256717634,5.647686766763304,-0.0238374702497164,Greater Accra,2,Coastal,Southern (bimodal)
Tema East,791.2237385067161,0.7492028299740612,5.668425035614335,0.0162441459003621,Greater Accra,2,Coastal,Southern (bimodal)
Tema West,777.6575318376517,0.9558334925921441,5.636701679647935,-0.0733756904724214,Greater Accra,2,Coastal,Southern (bimodal)
Tempane,945.0831149738899,-1.0496707121056144,10.732746282266913,-0.296553920744235,Upper East,1,Sudan Savannah,Northern (unimodal)
Tolon,976.5019655145301,-0.23623325586697477,9.505115241624974,-1.1422765199863842,Northern,4,Guinea Savannah,Northern (unimodal)
Trobu,998.8981817425563,0.9986836120742933,5.646021378136295,-0.3255579413069739,Greater Accra,2,Coastal,Southern (bimodal)
Twifo Ati Morkwaa,1492.59246672492,0.9274445252460123,5.58143426435855,-1.630048375238917,Central,3,Forest,Southern (bimodal)
Upper Denkyira East,1453.8726823027441,0.8605908812522043,5.804744154269651,-1.737328569074674,Central,3,Forest,Southern (bimodal)
Upper Denkyira West,1444.7277821078194,0.8898941967434958,6.098773554346596,-1.995368341313152,Central,3,Forest,Southern (bimodal)
Upper Manya Krobo,1221.6247521134396,0.9190223535079625,6.389141497350686,-0.1510205026109812,Eastern,3,Forest,Southern (bimodal)
Upper West Akim,1326.0151306040314,0.9856815226460499,5.788606224015403,-0.5693618475824679,Eastern,3,Forest,Southern (bimodal)
Wa Central,989.0997395324418,-0.674999423768523,10.025786666758956,-2.428462200644433,Upper West,1,Sudan Savannah,Northern (unimodal)
Wa East,1008.6646916548822,-0.9050544350542107,10.033010105301557,-2.032835107198274,Upper West,1,Sudan Savannah,Northern (unimodal)
Wa West,983.6371963826733,-0.6195845785099738,9.901332580360885,-2.571833745014714,Upper West,1,Sudan Savannah,Northern (unimodal)
Walewale,982.7309080257112,-0.8175058480766448,10.292639638594132,-0.8309137437735025,North East,1,Sudan Savannah,Northern (unimodal)
Wassa East,1414.1018904206826,1.0028165125778352,5.222672108852536,-1.6030895077610492,Western,3,Forest,Southern (bimodal)
Weija Gbawe,1025.3387772996275,1.0659568443007024,5.561142950028436,-0.3476976783147374,Greater Accra,2,Coastal,Southern (bimodal)
Wenchi,1088.3304913603276,0.7339471932111694,7.735705245503381,-2.1210208070253147,Bono,0,Transition,Transition (middle belt)
Wulensi,1277.9998290674184,0.36980785930012094,8.760546707680858,0.1195543548138902,Northern,4,Guinea Savannah,Northern (unimodal)
Yagaba Kubori,984.6100059573658,-0.810903144247752,10.272493697212616,-1.3547319595636145,North East,1,Sudan Savannah,Northern (unimodal)
Yapei Kusawgu,966.9008591079624,-0.06057783623610625,8.97080575392562,-1.438262060031548,Savannah,4,Guinea Savannah,Northern (unimodal)
Yendi,1180.5486989063943,0.08351095865808957,9.380373617458638,0.0538930519467054,Northern,4,Guinea Savannah,Northern (unimodal)
Yilo Krobo,1239.8937347350138,0.9361057775585367,6.124180677391549,-0.1136535741390901,Eastern,3,Forest,Southern (bimodal)
Yunyoo,986.2398880100961,-0.7633723594839433,10.370447113774627,-0.175190884911742,North East,1,Sudan Savannah,Northern (unimodal)
Zabzugu,1244.0749399391257,0.2855977388533787,9.353235247635617,0.3775571281407648,Northern,4,Guinea Savannah,Northern (unimodal)
Zebilla,952.901582611594,-1.1604821504153853,10.851919089097647,-0.4752758665438805,Upper East,1,Sudan Savannah,Northern (unimodal)
